contest_name,contest_value,source_url,page_title,fetched_at,candidates_count,named_count,inside_vacancies_count
ISS Aracaju Auditor de Tributos Municipais: Geral,3_1,https://www.rankingdosconcursos.com.br/?tC=2&sCa=3_1&tV=0,Ranking dos Concursos,2026-04-20T15:12:43.677Z,135,106,12
ISS Aracaju Auditor de Tributos Municipais: Tecnologia da Informa,3_2,https://www.rankingdosconcursos.com.br/?tC=2&sCa=3_2&tV=0,Ranking dos Concursos,2026-04-20T15:12:45.845Z,47,31,4
ISS Araras FISCAL DE TRIBUTAÇÃO,636_1,https://www.rankingdosconcursos.com.br/?tC=2&sCa=636_1&tV=0,Ranking dos Concursos,2026-04-20T15:12:53.864Z,221,16,0
ISS Belo Horizonte Agente Fazendário,394_1,https://www.rankingdosconcursos.com.br/?tC=2&sCa=394_1&tV=0,Ranking dos Concursos,2026-04-20T15:13:06.185Z,343,7,14
ISS Belo Horizonte Auditor Fiscal de Tributos Municipais,80_1,https://www.rankingdosconcursos.com.br/?tC=2&sCa=80_1&tV=0,Ranking dos Concursos,2026-04-20T15:13:26.182Z,579,0,10
ISS Betim Auditor Fiscal de Tributos Municipais,53_1,https://www.rankingdosconcursos.com.br/?tC=2&sCa=53_1&tV=0,Ranking dos Concursos,2026-04-20T15:13:30.801Z,84,0,5
ISS Biguaçu FISCAL DE TRIBUTOS MUNICIPAIS II BIGUAÇU,721_1,https://www.rankingdosconcursos.com.br/?tC=2&sCa=721_1&tV=0,Ranking dos Concursos,2026-04-20T15:13:42.816Z,298,0,0
ISS Blumenau Auditor Fiscal Tributário,88_1,https://www.rankingdosconcursos.com.br/?tC=2&sCa=88_1&tV=0,Ranking dos Concursos,2026-04-20T15:14:03.187Z,548,12,1
ISS Campina Grande Fiscal de Tributos Municipais,31_1,https://www.rankingdosconcursos.com.br/?tC=2&sCa=31_1&tV=0,Ranking dos Concursos,2026-04-20T15:14:33.253Z,802,0,7
ISS Campinas Agente Fiscal Tributário,47_2,https://www.rankingdosconcursos.com.br/?tC=2&sCa=47_2&tV=0,Ranking dos Concursos,2026-04-20T15:14:40.096Z,124,1,2
ISS Campinas Auditor Fiscal Tribut,47_1,https://www.rankingdosconcursos.com.br/?tC=2&sCa=47_1&tV=0,Ranking dos Concursos,2026-04-20T15:14:50.039Z,216,1,2
ISS Campo Grande Auditor Fiscal da Receita Municipal,42_1,https://www.rankingdosconcursos.com.br/?tC=2&sCa=42_1&tV=0,Ranking dos Concursos,2026-04-20T15:14:53.717Z,54,0,10
ISS Campos dos Goytacazes Auditor Fiscal de Tributos Municipais,235_1,https://www.rankingdosconcursos.com.br/?tC=2&sCa=235_1&tV=0,Ranking dos Concursos,2026-04-20T15:15:24.644Z,778,2,31
ISS Contagem Agente Fazendário,162_1,https://www.rankingdosconcursos.com.br/?tC=2&sCa=162_1&tV=0,Ranking dos Concursos,2026-04-20T15:15:26.588Z,15,9,11
ISS Contagem Ana Fazendário,162_2,https://www.rankingdosconcursos.com.br/?tC=2&sCa=162_2&tV=0,Ranking dos Concursos,2026-04-20T15:15:29.144Z,23,0,3
ISS Contagem Auditor Fiscal / Esp Fiscalização,82_1,https://www.rankingdosconcursos.com.br/?tC=2&sCa=82_1&tV=0,Ranking dos Concursos,2026-04-20T15:15:35.803Z,122,2,7
ISS Corumba / AUDITOR FISCAL DA RECEITA MUNICIPAL,270_1,https://www.rankingdosconcursos.com.br/?tC=2&sCa=270_1&tV=0,Ranking dos Concursos,2026-04-20T15:15:41.351Z,93,4,3
ISS Cotia Auditor Fiscal,424_1,https://www.rankingdosconcursos.com.br/?tC=2&sCa=424_1&tV=0,Ranking dos Concursos,2026-04-20T15:15:45.538Z,58,0,2
ISS Criciúma Auditor Fiscal da Receita Municipal,245_1,https://www.rankingdosconcursos.com.br/?tC=2&sCa=245_1&tV=0,Ranking dos Concursos,2026-04-20T15:15:54.985Z,188,6,0
ISS Cuiaba AUDITOR FISCAL TRIBUTÁRIO DA RECEITA MUNICIPAL DIREITO/PROCESSO TRIBUTÁRIO,656_1,https://www.rankingdosconcursos.com.br/?tC=2&sCa=656_1&tV=0,Ranking dos Concursos,2026-04-20T15:16:00.024Z,78,0,0
ISS Cuiaba AUDITOR FISCAL TRIBUTÁRIO DA RECEITA MUNICIPAL GESTÃO TRIBUTÁRIA,656_2,https://www.rankingdosconcursos.com.br/?tC=2&sCa=656_2&tV=0,Ranking dos Concursos,2026-04-20T15:16:30.415Z,675,6,0
ISS Cuiaba AUDITOR FISCAL TRIBUTÁRIO DA RECEITA MUNICIPAL TECNOLOGIA DA INFORMAÇÃO,656_3,https://www.rankingdosconcursos.com.br/?tC=2&sCa=656_3&tV=0,Ranking dos Concursos,2026-04-20T15:16:35.240Z,79,4,0
ISS Curitiba Auditor Fiscal de Tributos Municipais,43_1,https://www.rankingdosconcursos.com.br/?tC=2&sCa=43_1&tV=0,Ranking dos Concursos,2026-04-20T15:16:40.958Z,158,67,9
ISS Diadema Agente Fiscal III / Fiscal de Tributos,281_1,https://www.rankingdosconcursos.com.br/?tC=2&sCa=281_1&tV=0,Ranking dos Concursos,2026-04-20T15:16:47.594Z,207,102,1
ISS Divinopolis FISCAL DE RENDAS,596_1,https://www.rankingdosconcursos.com.br/?tC=2&sCa=596_1&tV=0,Ranking dos Concursos,2026-04-20T15:16:51.480Z,42,0,0
ISS Dourados Auditor Fiscal de Tributos Municipais,181_1,https://www.rankingdosconcursos.com.br/?tC=2&sCa=181_1&tV=0,Ranking dos Concursos,2026-04-20T15:16:57.663Z,100,0,18
ISS Florianopolis AUDITOR FISCAL DE TRIBUTOS MUNICIPAIS / AUDITORIA E FISCALIZAÇÃO,609_1,https://www.rankingdosconcursos.com.br/?tC=2&sCa=609_1&tV=0,Ranking dos Concursos,2026-04-20T15:17:02.701Z,80,6,0
ISS Florianopolis AUDITOR FISCAL DE TRIBUTOS MUNICIPAIS / TECNOLOGIA DA INFORMAÇÃO,609_2,https://www.rankingdosconcursos.com.br/?tC=2&sCa=609_2&tV=0,Ranking dos Concursos,2026-04-20T15:17:05.013Z,14,3,0
ISS Fortaleza Ana / Contabilidade,207_4,https://www.rankingdosconcursos.com.br/?tC=2&sCa=207_4&tV=0,Ranking dos Concursos,2026-04-20T15:17:08.706Z,44,2,4
ISS Fortaleza Ana Administração,207_5,https://www.rankingdosconcursos.com.br/?tC=2&sCa=207_5&tV=0,Ranking dos Concursos,2026-04-20T15:17:12.313Z,37,0,3
ISS Fortaleza Ana Direito,207_3,https://www.rankingdosconcursos.com.br/?tC=2&sCa=207_3&tV=0,Ranking dos Concursos,2026-04-20T15:17:16.389Z,52,0,5
ISS Fortaleza Ana Fazendário / CiênciasEconômicas,207_6,https://www.rankingdosconcursos.com.br/?tC=2&sCa=207_6&tV=0,Ranking dos Concursos,2026-04-20T15:17:19.610Z,34,4,0
ISS Fortaleza Ana TI,207_2,https://www.rankingdosconcursos.com.br/?tC=2&sCa=207_2&tV=0,Ranking dos Concursos,2026-04-20T15:17:21.621Z,6,0,1
ISS Fortaleza Auditor Fiscal,207_1,https://www.rankingdosconcursos.com.br/?tC=2&sCa=207_1&tV=0,Ranking dos Concursos,2026-04-20T15:17:32.001Z,184,2,15
ISS Francisco Morato AUDITOR FISCAL DE TRIBUTOS MUNICIPAIS,599_1,https://www.rankingdosconcursos.com.br/?tC=2&sCa=599_1&tV=0,Ranking dos Concursos,2026-04-20T15:17:35.744Z,39,0,0
ISS Garanhuns Auditor Fiscal,274_1,https://www.rankingdosconcursos.com.br/?tC=2&sCa=274_1&tV=0,Ranking dos Concursos,2026-04-20T15:17:39.483Z,48,3,7
ISS Governador Valadares Auditor Fiscal de Tributos,58_1,https://www.rankingdosconcursos.com.br/?tC=2&sCa=58_1&tV=0,Ranking dos Concursos,2026-04-20T15:18:14.778Z,753,1,13
ISS Gramado Auditor Tributário,30_1,https://www.rankingdosconcursos.com.br/?tC=2&sCa=30_1&tV=0,Ranking dos Concursos,2026-04-20T15:18:17.105Z,14,1,0
ISS GUARUJA Fiscal Municipal,407_1,https://www.rankingdosconcursos.com.br/?tC=2&sCa=407_1&tV=0,Ranking dos Concursos,2026-04-20T15:18:26.095Z,280,118,10
ISS Guarulhos Inspetor Fiscal de Rendas VI,35_1,https://www.rankingdosconcursos.com.br/?tC=2&sCa=35_1&tV=0,Ranking dos Concursos,2026-04-20T15:19:14.208Z,1000,1,47
ISS Imbé RS Auditor Fiscal da Receita Municipal,686_1,https://www.rankingdosconcursos.com.br/?tC=2&sCa=686_1&tV=0,Ranking dos Concursos,2026-04-20T15:19:16.145Z,5,0,0
ISS INDAIATUBA SP 25 AUDITOR FISCAL TRIBUTÁRIO,653_1,https://www.rankingdosconcursos.com.br/?tC=2&sCa=653_1&tV=0,Ranking dos Concursos,2026-04-20T15:19:27.744Z,216,2,0
ISS Itajai Assistente Tribut,45_3,https://www.rankingdosconcursos.com.br/?tC=2&sCa=45_3&tV=0,Ranking dos Concursos,2026-04-20T15:20:18.344Z,927,1,15
ISS Itajai Auditor Fiscal Municipal: Controle Urbano,45_2,https://www.rankingdosconcursos.com.br/?tC=2&sCa=45_2&tV=0,Ranking dos Concursos,2026-04-20T15:20:32.409Z,215,0,3
ISS Itajai Auditor Fiscal Municipal: Tributário,45_1,https://www.rankingdosconcursos.com.br/?tC=2&sCa=45_1&tV=0,Ranking dos Concursos,2026-04-20T15:20:59.932Z,455,0,2
ISS Itatiba Auditor Fiscal de Rendas Municipais,641_1,https://www.rankingdosconcursos.com.br/?tC=2&sCa=641_1&tV=0,Ranking dos Concursos,2026-04-20T15:21:13.179Z,194,0,2
ISS Jaboatao dos Guararapes Auditor Fiscal Tributário,430_1,https://www.rankingdosconcursos.com.br/?tC=2&sCa=430_1&tV=0,Ranking dos Concursos,2026-04-20T15:21:17.198Z,47,14,0
ISS JARINU Controlador Interno,748_2,https://www.rankingdosconcursos.com.br/?tC=2&sCa=748_2&tV=0,Ranking dos Concursos,2026-04-20T15:21:24.983Z,108,0,0
ISS JARINU FISCAL TRIBUTÁRIO,748_1,https://www.rankingdosconcursos.com.br/?tC=2&sCa=748_1&tV=0,Ranking dos Concursos,2026-04-20T15:21:27.992Z,19,0,0
ISS Joinville Auditor Fiscal,275_1,https://www.rankingdosconcursos.com.br/?tC=2&sCa=275_1&tV=0,Ranking dos Concursos,2026-04-20T15:21:31.372Z,24,4,1
ISS Lagoa Vermelha Auditor Fiscal,735_1,https://www.rankingdosconcursos.com.br/?tC=2&sCa=735_1&tV=0,Ranking dos Concursos,2026-04-20T15:21:38.126Z,66,0,0
ISS Londrina Auditor Fiscal de Tributos,246_1,https://www.rankingdosconcursos.com.br/?tC=2&sCa=246_1&tV=0,Ranking dos Concursos,2026-04-20T15:22:01.228Z,788,410,1
ISS Macaé Auditor Fiscal Tributário,422_1,https://www.rankingdosconcursos.com.br/?tC=2&sCa=422_1&tV=0,Ranking dos Concursos,2026-04-20T15:22:09.669Z,273,177,4
ISS Manaus Auditor Fiscal de Tributos Municipais,13_2,https://www.rankingdosconcursos.com.br/?tC=2&sCa=13_2&tV=0,Ranking dos Concursos,2026-04-20T15:22:12.419Z,98,93,9
ISS Marica Fiscal de Tributos,64_1,https://www.rankingdosconcursos.com.br/?tC=2&sCa=64_1&tV=0,Ranking dos Concursos,2026-04-20T15:22:25.690Z,177,0,20
ISS Maua Fiscal de Tributos I,63_1,https://www.rankingdosconcursos.com.br/?tC=2&sCa=63_1&tV=0,Ranking dos Concursos,2026-04-20T15:22:44.762Z,286,0,3
ISS Mossoro ANA DE PROCURADORIA – ESP.: CONTABILIDADE,588_6,https://www.rankingdosconcursos.com.br/?tC=2&sCa=588_6&tV=0,Ranking dos Concursos,2026-04-20T15:22:47.345Z,6,0,0
ISS Mossoro ANA DE PROCURADORIA – ESP.: DIREITO,588_7,https://www.rankingdosconcursos.com.br/?tC=2&sCa=588_7&tV=0,Ranking dos Concursos,2026-04-20T15:22:54.230Z,79,10,0
ISS Mossoro AUDITOR FISCAL DE TRIBUTOS MUNICIPAIS,588_1,https://www.rankingdosconcursos.com.br/?tC=2&sCa=588_1&tV=0,Ranking dos Concursos,2026-04-20T15:23:12.761Z,290,0,0
ISS Mossoro AUDITOR FISCAL DE TRIBUTOS MUNICIPAIS – ESP.: CIÊNCIAS CONTÁBEIS,588_2,https://www.rankingdosconcursos.com.br/?tC=2&sCa=588_2&tV=0,Ranking dos Concursos,2026-04-20T15:23:17.752Z,46,0,0
ISS Mossoro AUDITOR FISCAL DE TRIBUTOS MUNICIPAIS – ESP.: DIREITO,588_3,https://www.rankingdosconcursos.com.br/?tC=2&sCa=588_3&tV=0,Ranking dos Concursos,2026-04-20T15:23:23.350Z,60,0,0
ISS Mossoro AUDITOR FISCAL DE TRIBUTOS MUNICIPAIS – ESP.: ENGENHARIA,588_4,https://www.rankingdosconcursos.com.br/?tC=2&sCa=588_4&tV=0,Ranking dos Concursos,2026-04-20T15:23:28.025Z,30,0,0
ISS Mossoro AUDITOR FISCAL DE TRIBUTOS MUNICIPAIS – ESP.: TECNOLOGIA DA,588_5,https://www.rankingdosconcursos.com.br/?tC=2&sCa=588_5&tV=0,Ranking dos Concursos,2026-04-20T15:23:32.720Z,36,0,0
ISS Mossoro PROCURADOR DO MUNICÍPIO,588_8,https://www.rankingdosconcursos.com.br/?tC=2&sCa=588_8&tV=0,Ranking dos Concursos,2026-04-20T15:23:40.003Z,88,7,0
ISS Muriau Auditor Fiscal,55_1,https://www.rankingdosconcursos.com.br/?tC=2&sCa=55_1&tV=0,Ranking dos Concursos,2026-04-20T15:23:54.635Z,218,0,1
ISS Nova Iguaçu Ana Tributário do Tesouro Municipal,418_2,https://www.rankingdosconcursos.com.br/?tC=2&sCa=418_2&tV=0,Ranking dos Concursos,2026-04-20T15:24:07.126Z,166,0,4
ISS Nova Iguaçu Auditor Fiscal do Tesouro Municipal,418_1,https://www.rankingdosconcursos.com.br/?tC=2&sCa=418_1&tV=0,Ranking dos Concursos,2026-04-20T15:24:36.393Z,460,0,7
ISS Nova Iguaçu Contador,418_3,https://www.rankingdosconcursos.com.br/?tC=2&sCa=418_3&tV=0,Ranking dos Concursos,2026-04-20T15:24:38.606Z,7,0,2
ISS Osasco Fiscal Tributário,36_1,https://www.rankingdosconcursos.com.br/?tC=2&sCa=36_1&tV=0,Ranking dos Concursos,2026-04-20T15:25:37.522Z,1000,51,14
ISS Ouro Branco Auditor Fiscal Tributário,59_1,https://www.rankingdosconcursos.com.br/?tC=2&sCa=59_1&tV=0,Ranking dos Concursos,2026-04-20T15:25:57.998Z,326,28,4
ISS Ouro Preto Auditor Fiscal da Receita Municipal,389_1,https://www.rankingdosconcursos.com.br/?tC=2&sCa=389_1&tV=0,Ranking dos Concursos,2026-04-20T15:26:03.175Z,51,0,1
ISS Paraty Fiscal de Tributos,429_1,https://www.rankingdosconcursos.com.br/?tC=2&sCa=429_1&tV=0,Ranking dos Concursos,2026-04-20T15:27:00.264Z,861,0,2
ISS Paulinia Auditor Fiscal,83_1,https://www.rankingdosconcursos.com.br/?tC=2&sCa=83_1&tV=0,Ranking dos Concursos,2026-04-20T15:27:05.501Z,54,4,1
ISS Pereira Barreto Auditor Fiscal de Tributos,722_1,https://www.rankingdosconcursos.com.br/?tC=2&sCa=722_1&tV=0,Ranking dos Concursos,2026-04-20T15:27:11.101Z,58,0,0
ISS Petrolina Auditor Fiscal,32_1,https://www.rankingdosconcursos.com.br/?tC=2&sCa=32_1&tV=0,Ranking dos Concursos,2026-04-20T15:27:42.984Z,446,0,7
ISS Pinhais Ana Fiscal de Tributos Municipais,131_1,https://www.rankingdosconcursos.com.br/?tC=2&sCa=131_1&tV=0,Ranking dos Concursos,2026-04-20T15:27:49.015Z,67,7,1
ISS Ponta Grossa Auditor Fiscal,156_1,https://www.rankingdosconcursos.com.br/?tC=2&sCa=156_1&tV=0,Ranking dos Concursos,2026-04-20T15:28:02.567Z,164,0,1
ISS Porto Alegre Auditor Fiscal da Receita Municipal,34_1,https://www.rankingdosconcursos.com.br/?tC=2&sCa=34_1&tV=0,Ranking dos Concursos,2026-04-20T15:28:08.387Z,189,133,2
ISS Porto Alegre 25 Auditor Fiscal da Receita Municipal,492_1,https://www.rankingdosconcursos.com.br/?tC=2&sCa=492_1&tV=0,Ranking dos Concursos,2026-04-20T15:28:39.726Z,404,5,0
ISS Ribeirao das Neves AUDITOR FISCAL,386_2,https://www.rankingdosconcursos.com.br/?tC=2&sCa=386_2&tV=0,Ranking dos Concursos,2026-04-20T15:28:44.490Z,42,0,0
ISS Ribeirao Preto Auditor (Fiscal Fazendário),302_1,https://www.rankingdosconcursos.com.br/?tC=2&sCa=302_1&tV=0,Ranking dos Concursos,2026-04-20T15:29:47.153Z,880,0,6
ISS Rio de Janeiro Fiscal de Rendas,212_1,https://www.rankingdosconcursos.com.br/?tC=2&sCa=212_1&tV=0,Ranking dos Concursos,2026-04-20T15:30:50.342Z,892,26,37
ISS S.J. Rio Preto Auditor Fiscal Tributário,38_1,https://www.rankingdosconcursos.com.br/?tC=2&sCa=38_1&tV=0,Ranking dos Concursos,2026-04-20T15:31:00.693Z,118,0,9
ISS Salvador Ana: Administra,39_1,https://www.rankingdosconcursos.com.br/?tC=2&sCa=39_1&tV=0,Ranking dos Concursos,2026-04-20T15:31:25.949Z,298,0,29
ISS Salvador Auditor: Administra,39_2,https://www.rankingdosconcursos.com.br/?tC=2&sCa=39_2&tV=0,Ranking dos Concursos,2026-04-20T15:31:37.054Z,129,0,17
ISS Salvador Auditor: Tecnologia da Informa,39_3,https://www.rankingdosconcursos.com.br/?tC=2&sCa=39_3&tV=0,Ranking dos Concursos,2026-04-20T15:31:43.730Z,67,0,7
ISS Santa Barbara Fiscal de Rendas,251_1,https://www.rankingdosconcursos.com.br/?tC=2&sCa=251_1&tV=0,Ranking dos Concursos,2026-04-20T15:31:48.971Z,47,1,3
ISS SANTOS AUDITOR FISCAL DE TRIBUTOS,222_1,https://www.rankingdosconcursos.com.br/?tC=2&sCa=222_1&tV=0,Ranking dos Concursos,2026-04-20T15:31:53.476Z,46,10,2
ISS Santos Auditor Fiscal de Tributos Municipais,46_1,https://www.rankingdosconcursos.com.br/?tC=2&sCa=46_1&tV=0,Ranking dos Concursos,2026-04-20T15:31:58.842Z,43,0,1
ISS Sao Bernardo do Campo Auditor Fiscal de Rendas Municipais,303_1,https://www.rankingdosconcursos.com.br/?tC=2&sCa=303_1&tV=0,Ranking dos Concursos,2026-04-20T15:32:58.456Z,681,5,6
ISS Sao Caetano do Sul Auditor Fiscal Tributário,250_1,https://www.rankingdosconcursos.com.br/?tC=2&sCa=250_1&tV=0,Ranking dos Concursos,2026-04-20T15:33:19.653Z,233,1,2
ISS Sao José dos Campos Auditor Tributário Municipal,241_1,https://www.rankingdosconcursos.com.br/?tC=2&sCa=241_1&tV=0,Ranking dos Concursos,2026-04-20T15:33:25.899Z,75,19,1
ISS Sao Luis Auditor Fiscal de Tributos,44_1,https://www.rankingdosconcursos.com.br/?tC=2&sCa=44_1&tV=0,Ranking dos Concursos,2026-04-20T15:33:36.928Z,136,19,7
ISS Sao Luis Auditor Fiscal de Tributos: TI,44_2,https://www.rankingdosconcursos.com.br/?tC=2&sCa=44_2&tV=0,Ranking dos Concursos,2026-04-20T15:33:39.381Z,8,0,2
ISS SEPLAG Niteroi ANA DE POLÍTICAS PÚBLICAS E GESTÃO GOVERNAMENTAL SEPLAG GESTÃO DE TECNOLOGIA DA INFORMAÇÃO E COMUNICAÇÃO,611_1,https://www.rankingdosconcursos.com.br/?tC=2&sCa=611_1&tV=0,Ranking dos Concursos,2026-04-20T15:33:41.509Z,3,0,0
ISS SEPLAG Niteroi ANA DE POLÍTICAS PÚBLICAS E GESTÃO GOVERNAMENTAL SEPLAG GESTÃO GOVERNAMENTAL,611_2,https://www.rankingdosconcursos.com.br/?tC=2&sCa=611_2&tV=0,Ranking dos Concursos,2026-04-20T15:33:47.949Z,57,1,0
ISS SEPLAG Niteroi AUDITOR MUNICIPAL DE CONTROLE INTERNO CGM CIÊNCIAS CONTÁBEIS,611_3,https://www.rankingdosconcursos.com.br/?tC=2&sCa=611_3&tV=0,Ranking dos Concursos,2026-04-20T15:33:51.287Z,19,0,0
ISS SEPLAG Niteroi AUDITOR MUNICIPAL DE CONTROLE INTERNO CGM CONTROLE INTERNO,611_4,https://www.rankingdosconcursos.com.br/?tC=2&sCa=611_4&tV=0,Ranking dos Concursos,2026-04-20T15:33:54.462Z,16,0,0
ISS SEPLAG Niteroi AUDITOR MUNICIPAL DE CONTROLE INTERNO CGM DIREITO,611_5,https://www.rankingdosconcursos.com.br/?tC=2&sCa=611_5&tV=0,Ranking dos Concursos,2026-04-20T15:33:57.806Z,18,0,0
ISS Serra ES Auditor Fiscal,437_1,https://www.rankingdosconcursos.com.br/?tC=2&sCa=437_1&tV=0,Ranking dos Concursos,2026-04-20T15:35:01.059Z,778,0,0
ISS SERRA NEGRA SP AGENTE DE FISCALIZAÇÃO TRIBUTÁRIA #,554_1,https://www.rankingdosconcursos.com.br/?tC=2&sCa=554_1&tV=0,Ranking dos Concursos,2026-04-20T15:35:14.803Z,152,1,0
ISS Sete Lagoas AUDITOR TEC FISCAL DE TRIBUTOS MUNICIPAIS I,519_1,https://www.rankingdosconcursos.com.br/?tC=2&sCa=519_1&tV=0,Ranking dos Concursos,2026-04-20T15:35:21.310Z,58,0,0
ISS Sinop FISCAL TRIBUTÁRIO,747_1,https://www.rankingdosconcursos.com.br/?tC=2&sCa=747_1&tV=0,Ranking dos Concursos,2026-04-20T15:35:40.213Z,211,0,0
ISS Sobral Auditor Fiscal de Tributos Municipais,54_1,https://www.rankingdosconcursos.com.br/?tC=2&sCa=54_1&tV=0,Ranking dos Concursos,2026-04-20T15:35:45.815Z,47,0,5
ISS Sorocaba Auditor Fiscal,385_1,https://www.rankingdosconcursos.com.br/?tC=2&sCa=385_1&tV=0,Ranking dos Concursos,2026-04-20T15:35:50.569Z,35,0,1
ISS SP AFTM: Gestão Tributária,218_1,https://www.rankingdosconcursos.com.br/?tC=2&sCa=218_1&tV=0,Ranking dos Concursos,2026-04-20T15:35:56.619Z,109,56,37
ISS SP AFTM: Tecnologia da Informação,218_2,https://www.rankingdosconcursos.com.br/?tC=2&sCa=218_2&tV=0,Ranking dos Concursos,2026-04-20T15:35:58.774Z,4,0,4
ISS Suzano AGENTE FISCAL TRIBUTÁRIO,555_1,https://www.rankingdosconcursos.com.br/?tC=2&sCa=555_1&tV=0,Ranking dos Concursos,2026-04-20T15:36:35.849Z,401,0,0
ISS Teresina Auditor Fiscal da Receita Municipal,12_1,https://www.rankingdosconcursos.com.br/?tC=2&sCa=12_1&tV=0,Ranking dos Concursos,2026-04-20T15:36:42.730Z,60,0,6
ISS Uberaba AUDITOR FISCAL DA RECEITA MUNICIPAL/AUDITOR FISCAL DA RECEITA MUNICIPAL,487_1,https://www.rankingdosconcursos.com.br/?tC=2&sCa=487_1&tV=0,Ranking dos Concursos,2026-04-20T15:36:46.414Z,24,0,0
ISS Uberlandia Auditor Fiscal Tributário,37_1,https://www.rankingdosconcursos.com.br/?tC=2&sCa=37_1&tV=0,Ranking dos Concursos,2026-04-20T15:37:49.247Z,731,2,10
ISS Uberlândia 25 AUDITOR FISCAL TRIBUTÁRIO,650_1,https://www.rankingdosconcursos.com.br/?tC=2&sCa=650_1&tV=0,Ranking dos Concursos,2026-04-20T15:38:53.075Z,684,0,0
ISS Valinhos Auditor Fiscal,276_1,https://www.rankingdosconcursos.com.br/?tC=2&sCa=276_1&tV=0,Ranking dos Concursos,2026-04-20T15:39:07.968Z,136,0,1
ISS Varginha AGENTE FISCAL,720_1,https://www.rankingdosconcursos.com.br/?tC=2&sCa=720_1&tV=0,Ranking dos Concursos,2026-04-20T15:40:11.270Z,726,0,0
ISS Varginha AUDITOR FISCAL TRIBUTÁRIO,720_2,https://www.rankingdosconcursos.com.br/?tC=2&sCa=720_2&tV=0,Ranking dos Concursos,2026-04-20T15:41:02.283Z,570,0,0
RFB Ana,176_2,https://www.rankingdosconcursos.com.br/?tC=2&sCa=176_2&tV=0,Ranking dos Concursos,2026-04-20T15:42:06.659Z,672,2,351
RFB Auditor,176_1,https://www.rankingdosconcursos.com.br/?tC=2&sCa=176_1&tV=0,Ranking dos Concursos,2026-04-20T15:43:09.730Z,708,3,172
RFB 09 Auditor Fiscal,436_1,https://www.rankingdosconcursos.com.br/?tC=2&sCa=436_1&tV=0,Ranking dos Concursos,2026-04-20T15:44:12.971Z,690,0,264
RFB 14 Auditor Fiscal,435_1,https://www.rankingdosconcursos.com.br/?tC=2&sCa=435_1&tV=0,Ranking dos Concursos,2026-04-20T15:45:11.482Z,552,0,264
SEFA PA Auditor Fiscal de Receitas Estaduais,70_1,https://www.rankingdosconcursos.com.br/?tC=2&sCa=70_1&tV=0,Ranking dos Concursos,2026-04-20T15:45:13.446Z,150,150,38
SEFA PA Fiscal de Receitas Estaduais,70_2,https://www.rankingdosconcursos.com.br/?tC=2&sCa=70_2&tV=0,Ranking dos Concursos,2026-04-20T15:45:19.559Z,50,0,10
SEFAZ AC Auditor da Receita Estadual,277_1,https://www.rankingdosconcursos.com.br/?tC=2&sCa=277_1&tV=0,Ranking dos Concursos,2026-04-20T15:46:08.104Z,517,1,45
SEFAZ AC Contador,277_2,https://www.rankingdosconcursos.com.br/?tC=2&sCa=277_2&tV=0,Ranking dos Concursos,2026-04-20T15:46:11.856Z,21,0,8
SEFAZ AC Especialista da Fazenda Estadual,277_3,https://www.rankingdosconcursos.com.br/?tC=2&sCa=277_3&tV=0,Ranking dos Concursos,2026-04-20T15:46:47.788Z,373,1,44
SEFAZ AC Tec da Fazenda Estadua,277_4,https://www.rankingdosconcursos.com.br/?tC=2&sCa=277_4&tV=0,Ranking dos Concursos,2026-04-20T15:47:38.783Z,1000,501,57
SEFAZ AL 19 Auditor de Finanças e Controle,1_1,https://www.rankingdosconcursos.com.br/?tC=2&sCa=1_1&tV=0,Ranking dos Concursos,2026-04-20T15:47:43.416Z,25,0,20
SEFAZ AL 19 Auditor Fiscal da Receita Estadual,1_2,https://www.rankingdosconcursos.com.br/?tC=2&sCa=1_2&tV=0,Ranking dos Concursos,2026-04-20T15:48:02.885Z,173,0,48
SEFAZ AL 21 Auditor de Finanças e Controle,5_1,https://www.rankingdosconcursos.com.br/?tC=2&sCa=5_1&tV=0,Ranking dos Concursos,2026-04-20T15:48:06.628Z,30,10,8
SEFAZ AL 21 Auditor Fiscal da Receita Estadual,5_2,https://www.rankingdosconcursos.com.br/?tC=2&sCa=5_2&tV=0,Ranking dos Concursos,2026-04-20T15:48:16.348Z,77,0,20
SEFAZ AM 22 Ana da Fazenda Estadual,98_1,https://www.rankingdosconcursos.com.br/?tC=2&sCa=98_1&tV=0,Ranking dos Concursos,2026-04-20T15:48:32.103Z,135,0,28
SEFAZ AM 22 Assistente Administrativo da Fazenda Estadual,99_1,https://www.rankingdosconcursos.com.br/?tC=2&sCa=99_1&tV=0,Ranking dos Concursos,2026-04-20T15:49:32.002Z,1000,438,40
SEFAZ AM 22 AUDITOR DE FINANÇAS E CONTROLE DO TESOURO ESTADUAL,97_1,https://www.rankingdosconcursos.com.br/?tC=2&sCa=97_1&tV=0,Ranking dos Concursos,2026-04-20T15:49:49.627Z,143,0,0
SEFAZ AM 22 AUDITOR FISCAL DE TRIBUTOS ESTADUAIS,97_5,https://www.rankingdosconcursos.com.br/?tC=2&sCa=97_5&tV=0,Ranking dos Concursos,2026-04-20T15:50:54.942Z,637,69,0
SEFAZ AM 22 Controlador de Arrecadação da Receita Estadual,98_2,https://www.rankingdosconcursos.com.br/?tC=2&sCa=98_2&tV=0,Ranking dos Concursos,2026-04-20T15:51:02.332Z,82,32,20
SEFAZ AM 22 GESTOR DE TECNOLOGIA DA INFORMAÇÃO,97_2,https://www.rankingdosconcursos.com.br/?tC=2&sCa=97_2&tV=0,Ranking dos Concursos,2026-04-20T15:51:21.538Z,166,0,0
SEFAZ AM 22 TEC ADMINISTRATIVO,97_3,https://www.rankingdosconcursos.com.br/?tC=2&sCa=97_3&tV=0,Ranking dos Concursos,2026-04-20T15:52:25.755Z,595,0,0
SEFAZ AP Auditor da Receita Estadual,114_1,https://www.rankingdosconcursos.com.br/?tC=2&sCa=114_1&tV=0,Ranking dos Concursos,2026-04-20T15:52:31.498Z,104,67,100
SEFAZ AP Fiscal da Receita Estadual,114_2,https://www.rankingdosconcursos.com.br/?tC=2&sCa=114_2&tV=0,Ranking dos Concursos,2026-04-20T15:52:41.206Z,168,94,150
SEFAZ BA 19 AUDITOR FISCAL / ADMINISTRAÇÃO TRIBUTÁRIA,25_3,https://www.rankingdosconcursos.com.br/?tC=2&sCa=25_3&tV=0,Ranking dos Concursos,2026-04-20T15:52:45.821Z,27,0,12
"SEFAZ BA 19 AUDITOR FISCAL / ADMINISTRAÇÃO, FINANÇAS E CONTROLE INTERNO",25_1,https://www.rankingdosconcursos.com.br/?tC=2&sCa=25_1&tV=0,Ranking dos Concursos,2026-04-20T15:52:51.168Z,30,0,16
SEFAZ BA 19 Auditor Fiscal Tecnologia da Informação,25_2,https://www.rankingdosconcursos.com.br/?tC=2&sCa=25_2&tV=0,Ranking dos Concursos,2026-04-20T15:52:55.337Z,21,0,11
SEFAZ BA 22 Agente de Tributos / Administração,95_1,https://www.rankingdosconcursos.com.br/?tC=2&sCa=95_1&tV=0,Ranking dos Concursos,2026-04-20T15:53:12.258Z,139,0,9
SEFAZ BA 22 AGENTE DE TRIBUTOS / ADMINISTRAÇÃO TRIBUTÁRIA,95_3,https://www.rankingdosconcursos.com.br/?tC=2&sCa=95_3&tV=0,Ranking dos Concursos,2026-04-20T15:53:42.304Z,1000,766,20
SEFAZ BA 22 Agente de Tributos / Tecnologia da Informação,95_2,https://www.rankingdosconcursos.com.br/?tC=2&sCa=95_2&tV=0,Ranking dos Concursos,2026-04-20T15:53:47.217Z,19,0,4
SEFAZ CE Auditor Fiscal Contábil/Financeiro,2_2,https://www.rankingdosconcursos.com.br/?tC=2&sCa=2_2&tV=0,Ranking dos Concursos,2026-04-20T15:53:53.864Z,46,0,3
SEFAZ CE Auditor Fiscal da Receita Estadual,2_1,https://www.rankingdosconcursos.com.br/?tC=2&sCa=2_1&tV=0,Ranking dos Concursos,2026-04-20T15:54:00.904Z,152,110,37
SEFAZ CE Auditor Fiscal de Tecnologia da Informação,2_4,https://www.rankingdosconcursos.com.br/?tC=2&sCa=2_4&tV=0,Ranking dos Concursos,2026-04-20T15:54:06.871Z,34,0,8
SEFAZ CE Auditor Fiscal Jurídico,2_3,https://www.rankingdosconcursos.com.br/?tC=2&sCa=2_3&tV=0,Ranking dos Concursos,2026-04-20T15:54:15.800Z,59,0,3
SEFAZ DF Auditor Fiscal da Receita Estadual do DF,7_1,https://www.rankingdosconcursos.com.br/?tC=2&sCa=7_1&tV=0,Ranking dos Concursos,2026-04-20T15:54:34.659Z,215,71,25
SEFAZ ES Auditor Fiscal da Receita Estadual,4_1,https://www.rankingdosconcursos.com.br/?tC=2&sCa=4_1&tV=0,Ranking dos Concursos,2026-04-20T15:54:50.741Z,150,28,0
SEFAZ ES Consultor Ciências da Computação,86_2,https://www.rankingdosconcursos.com.br/?tC=2&sCa=86_2&tV=0,Ranking dos Concursos,2026-04-20T15:54:59.143Z,54,0,3
SEFAZ ES Consultor CIÊNCIAS ECONÔMICAS,86_1,https://www.rankingdosconcursos.com.br/?tC=2&sCa=86_1&tV=0,Ranking dos Concursos,2026-04-20T15:55:07.082Z,58,0,7
SEFAZ GO Auditor Fiscal da Receita Estadual,9_1,https://www.rankingdosconcursos.com.br/?tC=2&sCa=9_1&tV=0,Ranking dos Concursos,2026-04-20T15:55:21.576Z,119,0,27
SEFAZ MA Auditor Fiscal da Receita Estadual,10_1,https://www.rankingdosconcursos.com.br/?tC=2&sCa=10_1&tV=0,Ranking dos Concursos,2026-04-20T15:56:25.111Z,738,137,26
SEFAZ MA Tec da Receita Estadual – Arrecadação e Fiscalização de Mercadorias em Trânsito,10_2,https://www.rankingdosconcursos.com.br/?tC=2&sCa=10_2&tV=0,Ranking dos Concursos,2026-04-20T15:56:53.454Z,319,62,7
SEFAZ MA Tec da Receita Estadual – Tecnologia da Informação,10_3,https://www.rankingdosconcursos.com.br/?tC=2&sCa=10_3&tV=0,Ranking dos Concursos,2026-04-20T15:57:00.348Z,72,31,3
SEFAZ MG Auditoria e Fiscalização,108_1,https://www.rankingdosconcursos.com.br/?tC=2&sCa=108_1&tV=0,Ranking dos Concursos,2026-04-20T15:58:05.051Z,931,344,271
SEFAZ MG Tecnologia da Informação,108_3,https://www.rankingdosconcursos.com.br/?tC=2&sCa=108_3&tV=0,Ranking dos Concursos,2026-04-20T15:59:08.233Z,572,7,81
SEFAZ MG Tributação,108_2,https://www.rankingdosconcursos.com.br/?tC=2&sCa=108_2&tV=0,Ranking dos Concursos,2026-04-20T16:00:04.761Z,545,46,36
SEFAZ MT Fiscal de Tributos Estaduais (FTE),180_1,https://www.rankingdosconcursos.com.br/?tC=2&sCa=180_1&tV=0,Ranking dos Concursos,2026-04-20T16:00:36.737Z,272,0,21
SEFAZ PE Auditor Fiscal do Tesouro Estadual,145_1,https://www.rankingdosconcursos.com.br/?tC=2&sCa=145_1&tV=0,Ranking dos Concursos,2026-04-20T16:01:21.214Z,514,111,20
SEFAZ PE Apoio Ana Administrativo de Ap as Atividades Fazendárias,106_2,https://www.rankingdosconcursos.com.br/?tC=2&sCa=106_2&tV=0,Ranking dos Concursos,2026-04-20T16:02:24.405Z,556,4,9
SEFAZ PE Apoio Assistente Administrativo de Ap as Atividades Fazendárias,106_1,https://www.rankingdosconcursos.com.br/?tC=2&sCa=106_1&tV=0,Ranking dos Concursos,2026-04-20T16:03:27.183Z,561,3,28
SEFAZ PI 25 A 01 AG DE TRIB DA FAZ ESTADUAL ÁREA CONHEC GERAL,614_1,https://www.rankingdosconcursos.com.br/?tC=2&sCa=614_1&tV=0,Ranking dos Concursos,2026-04-20T16:04:17.376Z,437,0,19
SEFAZ PI 25 B 02 AG DE TRIB DA FAZ ESTADUAL ÁREA CONHEC TEC INFORM,614_2,https://www.rankingdosconcursos.com.br/?tC=2&sCa=614_2&tV=0,Ranking dos Concursos,2026-04-20T16:04:22.586Z,31,0,6
SEFAZ PI 25 C 03 AN DO TESOURO ESTADUAL ÁREA CONHEC GERAL,614_3,https://www.rankingdosconcursos.com.br/?tC=2&sCa=614_3&tV=0,Ranking dos Concursos,2026-04-20T16:04:39.591Z,137,0,5
SEFAZ PI 25 D 04 AN DO TESOURO ESTADUAL ÁREA CONHEC TEC DA INFORM,614_4,https://www.rankingdosconcursos.com.br/?tC=2&sCa=614_4&tV=0,Ranking dos Concursos,2026-04-20T16:04:47.804Z,13,0,2
SEFAZ PI 25 E 05 AUD FISC DA FAZ ESTADUAL ÁREA CONHEC GERAL,614_5,https://www.rankingdosconcursos.com.br/?tC=2&sCa=614_5&tV=0,Ranking dos Concursos,2026-04-20T16:05:50.896Z,582,0,11
SEFAZ PI 25 F 06 AUD FISC DA FAZ ESTADUAL/ÁREA CONHEC TEC DA INFORM,614_6,https://www.rankingdosconcursos.com.br/?tC=2&sCa=614_6&tV=0,Ranking dos Concursos,2026-04-20T16:05:58.027Z,40,0,3
SEFAZ PI 25 G 07 AUD GOVERNAMENTAL ÁREA CONHEC GERAL,614_7,https://www.rankingdosconcursos.com.br/?tC=2&sCa=614_7&tV=0,Ranking dos Concursos,2026-04-20T16:06:06.065Z,55,0,3
SEFAZ PI 25 H 08 AUD GOVERNAMENTAL ÁREA CONHEC TEC DA INFORMAÇÃO,614_8,https://www.rankingdosconcursos.com.br/?tC=2&sCa=614_8&tV=0,Ranking dos Concursos,2026-04-20T16:06:09.277Z,12,0,0
SEFAZ PI 25 I 09 AUD GOVERNAMENTAL ÁREA CONHEC ENGENHARIA,614_9,https://www.rankingdosconcursos.com.br/?tC=2&sCa=614_9&tV=0,Ranking dos Concursos,2026-04-20T16:06:15.148Z,37,0,0
SEFAZ PR Auditor Fiscal,567_1,https://www.rankingdosconcursos.com.br/?tC=2&sCa=567_1&tV=0,Ranking dos Concursos,2026-04-20T16:07:18.994Z,650,94,0
SEFAZ PR Agente Fazendario AGENTE FAZENDÁRIO ESTADUAL – FUNÇÃO: ADMINISTRADOR,719_1,https://www.rankingdosconcursos.com.br/?tC=2&sCa=719_1&tV=0,Ranking dos Concursos,2026-04-20T16:07:46.328Z,237,0,0
SEFAZ PR Agente Fazendario AGENTE FAZENDÁRIO ESTADUAL – FUNÇÃO: ANA FAZENDÁRIO,719_2,https://www.rankingdosconcursos.com.br/?tC=2&sCa=719_2&tV=0,Ranking dos Concursos,2026-04-20T16:08:07.776Z,181,0,0
SEFAZ PR Agente Fazendario AGENTE FAZENDÁRIO ESTADUAL – FUNÇÃO: CONTADOR,719_3,https://www.rankingdosconcursos.com.br/?tC=2&sCa=719_3&tV=0,Ranking dos Concursos,2026-04-20T16:08:44.713Z,332,0,0
SEFAZ PR Agente Fazendario AGENTE FAZENDÁRIO ESTADUAL – FUNÇÃO: ECONOMISTA,719_4,https://www.rankingdosconcursos.com.br/?tC=2&sCa=719_4&tV=0,Ranking dos Concursos,2026-04-20T16:08:56.862Z,99,0,0
SEFAZ PR Agente Fazendario AGENTE FAZENDÁRIO ESTADUAL – FUNÇÃO: ESTATÍSTICO,719_5,https://www.rankingdosconcursos.com.br/?tC=2&sCa=719_5&tV=0,Ranking dos Concursos,2026-04-20T16:08:59.762Z,7,0,0
SEFAZ PR Agente Fazendario AGENTE FAZENDÁRIO ESTADUAL – FUNÇÃO: PROFISSIONAL DE TECNOLOGIA DA INFORMAÇÃO,719_6,https://www.rankingdosconcursos.com.br/?tC=2&sCa=719_6&tV=0,Ranking dos Concursos,2026-04-20T16:09:10.913Z,81,0,0
SEFAZ RJ ANA EM FINANÇAS PÚBLICAS – ESP.: ADMINISTRATIVO/FINANCEIRA,569_1,https://www.rankingdosconcursos.com.br/?tC=2&sCa=569_1&tV=0,Ranking dos Concursos,2026-04-20T16:10:13.392Z,577,0,0
SEFAZ RJ ANA EM FINANÇAS PÚBLICAS – ESP.: CONTÁBIL/FINANCEIRA,569_2,https://www.rankingdosconcursos.com.br/?tC=2&sCa=569_2&tV=0,Ranking dos Concursos,2026-04-20T16:11:10.200Z,598,93,0
SEFAZ RJ ANA EM FINANÇAS PÚBLICAS – ESP.: ECONÔMICO/FINANCEIRA,569_3,https://www.rankingdosconcursos.com.br/?tC=2&sCa=569_3&tV=0,Ranking dos Concursos,2026-04-20T16:11:48.315Z,333,1,0
SEFAZ RJ 2025 AUDITOR FISCAL DA RECEITA ESTADUAL,749_1,https://www.rankingdosconcursos.com.br/?tC=2&sCa=749_1&tV=0,Ranking dos Concursos,2026-04-20T16:12:04.478Z,130,0,0
SEFAZ RR Auditor Fiscal de Tributos Estadual,6_1,https://www.rankingdosconcursos.com.br/?tC=2&sCa=6_1&tV=0,Ranking dos Concursos,2026-04-20T16:13:08.063Z,675,79,18
SEFAZ RR TEC DE TRIBUTOS ESTADUAIS,175_1,https://www.rankingdosconcursos.com.br/?tC=2&sCa=175_1&tV=0,Ranking dos Concursos,2026-04-20T16:14:10.883Z,598,0,19
SEFAZ RS 17 Auditor do Estado do Rio Grande do Sul,24_1,https://www.rankingdosconcursos.com.br/?tC=2&sCa=24_1&tV=0,Ranking dos Concursos,2026-04-20T16:14:37.098Z,240,0,5
SEFAZ RS 18 Auditor/Fiscal da Receita Estadual,14_1,https://www.rankingdosconcursos.com.br/?tC=2&sCa=14_1&tV=0,Ranking dos Concursos,2026-04-20T16:15:38.637Z,1000,383,37
SEFAZ RS TEC 18 Tec Tributário da Receita Estadual,29_2,https://www.rankingdosconcursos.com.br/?tC=2&sCa=29_2&tV=0,Ranking dos Concursos,2026-04-20T16:16:41.499Z,645,1,37
SEFAZ SC 18 Auditor Fiscal da Receita Estadual,8_1,https://www.rankingdosconcursos.com.br/?tC=2&sCa=8_1&tV=0,Ranking dos Concursos,2026-04-20T16:16:54.413Z,116,0,57
SEFAZ SC 18 Auditor Fiscal da Receita Estadual Gestão Tributária,8_3,https://www.rankingdosconcursos.com.br/?tC=2&sCa=8_3&tV=0,Ranking dos Concursos,2026-04-20T16:16:59.148Z,29,0,14
SEFAZ SC 18 Auditor Fiscal da Receita Estadual TI,8_2,https://www.rankingdosconcursos.com.br/?tC=2&sCa=8_2&tV=0,Ranking dos Concursos,2026-04-20T16:17:03.999Z,29,0,14
SEFAZ SC 21 Ana da Receita Estadual IV,65_1,https://www.rankingdosconcursos.com.br/?tC=2&sCa=65_1&tV=0,Ranking dos Concursos,2026-04-20T16:17:41.731Z,758,390,55
SEFAZ SE Auditor Tributário,72_1,https://www.rankingdosconcursos.com.br/?tC=2&sCa=72_1&tV=0,Ranking dos Concursos,2026-04-20T16:17:48.252Z,47,0,7
SEFAZ SE 25 AUDITOR FISCAL TRIBUTÁRIO – GERAL,640_1,https://www.rankingdosconcursos.com.br/?tC=2&sCa=640_1&tV=0,Ranking dos Concursos,2026-04-20T16:18:06.164Z,164,0,0
SEFAZ SE 25 AUDITOR FISCAL TRIBUTÁRIO – TECNOLOGIA DA INFORMAÇÃO,640_2,https://www.rankingdosconcursos.com.br/?tC=2&sCa=640_2&tV=0,Ranking dos Concursos,2026-04-20T16:18:16.258Z,89,0,0
SEFAZ SE 25 AUDITOR FISCAL TRIBUTÁRIO – TRIBUTAÇÃO,640_3,https://www.rankingdosconcursos.com.br/?tC=2&sCa=640_3&tV=0,Ranking dos Concursos,2026-04-20T16:18:20.892Z,27,1,0
SEFAZ SP 13 AGENTE FISCAL DE RENDAS GESTÃO TRIBUTÁRIA,648_1,https://www.rankingdosconcursos.com.br/?tC=2&sCa=648_1&tV=0,Ranking dos Concursos,2026-04-20T16:19:24.940Z,641,1,0
SEFAZ SP 13 AGENTE FISCAL DE RENDAS TECNOLOGIA DA INFORMAÇÃO,648_2,https://www.rankingdosconcursos.com.br/?tC=2&sCa=648_2&tV=0,Ranking dos Concursos,2026-04-20T16:19:38.882Z,121,0,0
SEFAZ SP 2025 A AUD FISCAL REC ESTADUAL GESTÃO TRIBUTÁRIA,730_1,https://www.rankingdosconcursos.com.br/?tC=2&sCa=730_1&tV=0,Ranking dos Concursos,2026-04-20T16:20:42.261Z,675,0,142
SEFAZ SP 2025 B AUD FISCAL REC ESTADUAL TI E COMUNICAÇÃO,730_2,https://www.rankingdosconcursos.com.br/?tC=2&sCa=730_2&tV=0,Ranking dos Concursos,2026-04-20T16:21:11.555Z,294,0,47
SEFIN RO Auditor Fiscal de Tributos Estaduais,11_1,https://www.rankingdosconcursos.com.br/?tC=2&sCa=11_1&tV=0,Ranking dos Concursos,2026-04-20T16:21:45.631Z,342,0,27
SEFIN RO Contador,11_3,https://www.rankingdosconcursos.com.br/?tC=2&sCa=11_3&tV=0,Ranking dos Concursos,2026-04-20T16:21:48.624Z,12,0,2
SEFIN RO Tec Tributário,11_2,https://www.rankingdosconcursos.com.br/?tC=2&sCa=11_2&tV=0,Ranking dos Concursos,2026-04-20T16:22:01.100Z,298,186,27